objects_actual,fifo_miss_ratio,lru_miss_ratio,sieve_miss_ratio,sieve_vs_fifo_percent,sieve_vs_lru_percent
807,0.3253,0.2956,0.2722,16.323393790347367,7.916102841677936
813,0.3231,0.2938,0.2706,16.248839368616526,7.896528250510551
819,0.3258,0.2959,0.2723,16.42111724984653,7.9756674552213624
821,0.3253,0.2955,0.2723,16.29265293575161,7.851099830795262
822,0.3249,0.2951,0.2719,16.312711603570342,7.861741782446628
824,0.3253,0.2956,0.2723,16.29265293575161,7.88227334235453
826,0.3244,0.2949,0.2717,16.245376078914926,7.867073584265852
827,0.3249,0.2953,0.2719,16.312711603570342,7.924144937351857
829,0.3258,0.2961,0.2722,16.451810926949044,8.071597433299555
833,0.3264,0.2968,0.273,16.360294117647058,8.018867924528298
835,0.327,0.2974,0.2736,16.3302752293578,8.002689979825147
836,0.3247,0.2953,0.272,16.23036649214659,7.890281070098201
837,0.324,0.2946,0.2715,16.203703703703702,7.841140529531554
838,0.3253,0.2958,0.2722,16.323393790347367,7.978363759296824
853,0.3236,0.2941,0.2711,16.22373300370828,7.820469228153678
967,0.4055,0.3727,0.3365,17.016029593094945,9.712905822377236
971,0.4052,0.3724,0.3361,17.0533070088845,9.747583243823845
972,0.4072,0.3744,0.3376,17.092337917485263,9.82905982905983
973,0.4085,0.3754,0.3384,17.160342717258263,9.856153436334585
974,0.4074,0.3747,0.3376,17.133038782523315,9.901254336802767
976,0.4065,0.3738,0.3372,17.04797047970479,9.791332263242381
977,0.4045,0.3717,0.3352,17.13226205191595,9.819747107882696
978,0.4067,0.3738,0.337,17.137939513154656,9.844836811128946
979,0.4065,0.3739,0.337,17.097170971709705,9.868948916822678
980,0.4065,0.3736,0.3368,17.146371463714637,9.850107066381158
981,0.4046,0.372,0.3356,17.053880375679682,9.784946236559136
984,0.4069,0.374,0.3376,17.03121159990169,9.732620320855611
998,0.5207,0.4871,0.4323,16.977146149414253,11.250256620817073
999,0.5201,0.4864,0.4318,16.977504326091132,11.225328947368416
1000,0.7551,0.7388,0.691,8.488941862005039,6.469951272333523
1110,0.3084,0.2793,0.2555,17.153047989623865,8.521303258145359
1124,0.3084,0.2793,0.2555,17.153047989623865,8.521303258145359
1131,0.3066,0.2776,0.2541,17.123287671232877,8.465417867435166
1132,0.3045,0.2756,0.2528,16.978653530377656,8.272859216255437
1138,0.3079,0.2789,0.2554,17.05099058135758,8.425959125134446
1140,0.3071,0.2782,0.2543,17.193096711168987,8.590941768511854
1143,0.3051,0.2761,0.2529,17.109144542772853,8.402752625860195
1144,0.3074,0.2784,0.2549,17.078724788549117,8.441091954022976
1148,0.3053,0.2765,0.2535,16.966917785784478,8.318264014466553
1153,0.3064,0.2776,0.2542,17.036553524804184,8.429394812680126
1154,0.3037,0.275,0.2518,17.089232795521898,8.436363636363636
1155,0.305,0.2763,0.2532,16.983606557377055,8.360477741585237
1157,0.3064,0.2775,0.254,17.10182767624021,8.468468468468474
1158,0.3054,0.2767,0.2533,17.0595939751146,8.45681243223707
1160,0.3068,0.2779,0.2542,17.14471968709258,8.52824757106873
1167,0.3059,0.2771,0.2534,17.162471395881003,8.55286900036088
1168,0.3051,0.2764,0.253,17.076368403802025,8.465991316931975
1176,0.305,0.2764,0.2533,16.950819672131136,8.35745296671489
1272,0.2984,0.2698,0.2474,17.091152815013402,8.302446256486277
1283,0.3002,0.2717,0.2486,17.188540972684887,8.50202429149798
1285,0.2987,0.2703,0.2476,17.10746568463342,8.398076211616722
1288,0.2989,0.2706,0.2477,17.12947474071596,8.46267553584627
1289,0.299,0.2707,0.2477,17.1571906354515,8.496490579977833
1291,0.2992,0.2709,0.2482,17.04545454545455,8.379475821336277
1299,0.3005,0.2719,0.249,17.13810316139767,8.422214049282816
1302,0.2984,0.2703,0.2474,17.091152815013402,8.472068072512014
1303,0.2991,0.2708,0.2478,17.151454363089265,8.49335302806499
1304,0.2984,0.2702,0.2475,17.05764075067024,8.401184307920058
1306,0.2973,0.269,0.2467,17.019845274133875,8.289962825278815
1312,0.2982,0.27,0.2473,17.069081153588204,8.407407407407415
1314,0.3,0.2717,0.2488,17.066666666666666,8.428413691571587
1319,0.2986,0.2704,0.2478,17.012726054922968,8.357988165680467
1320,0.2991,0.2709,0.2481,17.05115346038114,8.416389811738645
1323,0.2986,0.2703,0.2476,17.079705291359677,8.398076211616722
1332,0.2992,0.2708,0.2478,17.179144385026746,8.49335302806499
1335,0.2955,0.2665,0.2428,17.834179357021995,8.893058161350854
1347,0.294,0.2651,0.2416,17.823129251700674,8.864579403998489
1360,0.2948,0.266,0.2426,17.706919945725915,8.79699248120301
1361,0.2959,0.2669,0.2434,17.742480567759376,8.804795803671794
1363,0.2951,0.2662,0.2429,17.688919010504904,8.752817430503375
1371,0.2937,0.265,0.2419,17.63704460333674,8.716981132075475
1374,0.2943,0.2654,0.242,17.77098199116548,8.816880180859092
1382,0.2931,0.2646,0.2413,17.67314909587173,8.80574452003024
1388,0.293,0.2642,0.241,17.74744027303754,8.781226343679032
1389,0.2942,0.2655,0.242,17.743031951053712,8.851224105461402
1393,0.2924,0.2639,0.2406,17.715458276333784,8.829101932550214
1395,0.2922,0.2636,0.2403,17.761806981519506,8.839150227617598
1397,0.294,0.2653,0.2421,17.65306122448979,8.744817188088945
1400,0.2927,0.2642,0.2407,17.765630338230277,8.89477668433005
1402,0.2923,0.2637,0.2406,17.68730756072528,8.759954493742883
1409,0.291,0.2626,0.2398,17.59450171821305,8.682406702208677
1412,0.2909,0.2625,0.2399,17.531797868683395,8.609523809523813
1414,0.291,0.2629,0.2401,17.491408934707895,8.672499049068092
1419,0.2925,0.2641,0.2409,17.641025641025635,8.784551306323362
1421,0.2916,0.2632,0.2404,17.55829903978053,8.662613981762913
1429,0.2914,0.2631,0.24,17.63898421413864,8.779931584948693
1436,0.291,0.2628,0.2399,17.560137457044668,8.7138508371385
1441,0.2928,0.2642,0.2412,17.622950819672134,8.705526116578348
1442,0.2915,0.2632,0.2405,17.495711835334475,8.624620060790274
1443,0.291,0.2627,0.24,17.525773195876287,8.641035401598781
1445,0.2921,0.2637,0.2406,17.630948305374876,8.759954493742883
1451,0.2913,0.263,0.2401,17.57638173704085,8.707224334600761
1456,0.2918,0.2635,0.2405,17.580534612748462,8.728652751423157
1457,0.2912,0.2628,0.24,17.58241758241759,8.675799086757987
1458,0.293,0.2646,0.2415,17.57679180887372,8.730158730158735
1459,0.2918,0.2634,0.2404,17.614804660726524,8.73196659073653
1467,0.2919,0.2636,0.2405,17.608770126755736,8.763277693474967
1470,0.2929,0.2645,0.2415,17.548651416865827,8.69565217391305
1485,0.2915,0.2633,0.2404,17.530017152658655,8.697303456133678
1487,0.2915,0.2633,0.2404,17.530017152658655,8.697303456133678
1494,0.2913,0.2631,0.24,17.610710607621012,8.779931584948693
1497,0.2906,0.2626,0.2394,17.618719889883007,8.834729626808834
1505,0.2822,0.2529,0.2276,19.347980155917792,10.003954132068017
1558,0.2814,0.2522,0.2271,19.296375266524517,9.952418715305306
1568,0.2827,0.2533,0.228,19.349133356915456,9.988156336360053
1570,0.282,0.2528,0.2276,19.290780141843967,9.968354430379756
1573,0.2828,0.2534,0.228,19.377652050919373,10.023677979479086
1574,0.2825,0.2532,0.2279,19.32743362831858,9.992101105845178
1576,0.2819,0.2527,0.2277,19.22667612628591,9.893153937475255
1582,0.2826,0.2532,0.2275,19.497523000707716,10.150078988941539
1584,0.2832,0.2539,0.2284,19.35028248587571,10.043324143363536
1586,0.2822,0.2529,0.2278,19.27710843373494,9.924871490707792
1589,0.283,0.2536,0.228,19.43462897526501,10.094637223974757
1596,0.2818,0.2526,0.2275,19.26898509581263,9.936658749010286
1601,0.281,0.2522,0.2271,19.181494661921718,9.952418715305306
1603,0.2811,0.2521,0.2271,19.210245464247606,9.916699722332407
1605,0.2819,0.2529,0.2277,19.22667612628591,9.9644128113879
1611,0.2799,0.2511,0.226,19.25687745623436,9.996017522899237
1620,0.2803,0.2513,0.2265,19.19372101320014,9.868682849184248
1632,0.2806,0.2516,0.2266,19.24447612259445,9.936406995230524
1634,0.281,0.252,0.2268,19.288256227758012,10.0
1637,0.2802,0.2514,0.2264,19.200571020699506,9.944311853619737
1641,0.2812,0.2523,0.2274,19.132290184921768,9.86920332936981
1643,0.2814,0.2524,0.2271,19.296375266524517,10.023771790808247
1647,0.3666,0.3331,0.2927,20.158210583742488,12.12848994296007
1650,0.3684,0.3348,0.2943,20.11400651465798,12.096774193548383
1655,0.2814,0.2526,0.2271,19.296375266524517,10.095011876484559
1661,0.2798,0.251,0.2262,19.156540385989988,9.880478087649399
1666,0.3232,0.2921,0.2593,19.7710396039604,11.229031153714498
1668,0.279,0.2497,0.2243,19.605734767025098,10.172206647977575
1669,0.3653,0.3312,0.2902,20.558445113605256,12.37922705314009
1671,0.3642,0.3304,0.2897,20.455793520043933,12.318401937046008
1672,0.364,0.33,0.2894,20.494505494505493,12.30303030303031
1676,0.2784,0.2491,0.2238,19.61206896551724,10.156563629064628
1677,0.3351,0.3028,0.2671,20.29245001492092,11.789960369881113
1678,0.2763,0.2472,0.2222,19.58016648570394,10.113268608414238
1681,0.3641,0.3302,0.2891,20.59873661082119,12.447001817080547
1682,0.3215,0.2899,0.257,20.06220839813375,11.348740945153496
1685,0.2774,0.2482,0.2233,19.50252343186733,10.032232070910558
1688,0.3631,0.3293,0.2882,20.627926191131913,12.481020346188878
1691,0.3648,0.3308,0.2896,20.614035087719294,12.454655380894788
1692,0.3654,0.3312,0.2901,20.60755336617405,12.409420289855063
1694,0.3646,0.3305,0.2897,20.54306088864508,12.344931921331316
1697,0.2771,0.2481,0.2235,19.343197401660053,9.915356711003621
1699,0.2776,0.2486,0.2236,19.45244956772335,10.056315366049876
1700,0.3629,0.3291,0.2887,20.446403968035266,12.275903980553021
1705,0.3642,0.3304,0.2896,20.483250961010434,12.34866828087167
1706,0.3633,0.3296,0.2888,20.5064684833471,12.37864077669903
1710,0.2772,0.2484,0.2231,19.51659451659452,10.185185185185192
1712,0.2766,0.2476,0.2225,19.5589298626175,10.137318255250397
1713,0.2764,0.2474,0.2226,19.464544138929085,10.024252223120458
1714,0.2765,0.2477,0.2227,19.457504520795663,10.092854259184495
1715,0.2763,0.2474,0.2225,19.47158885269634,10.064672594987876
1717,0.278,0.2491,0.2238,19.49640287769785,10.156563629064628
1722,0.2764,0.2474,0.2225,19.50072358900144,10.064672594987876
1729,0.2777,0.2489,0.2236,19.48145480734606,10.164724789071924
1730,0.278,0.2488,0.2235,19.604316546762597,10.168810289389063
1731,0.2781,0.2489,0.2241,19.417475728155345,9.963840899959829
1734,0.2765,0.2477,0.2228,19.42133815551538,10.05248284214776
1735,0.2783,0.2493,0.2241,19.475386273805245,10.108303249097474
1741,0.2765,0.2477,0.2228,19.42133815551538,10.05248284214776
1742,0.2778,0.2487,0.2235,19.546436285097187,10.132689987937274
1744,0.2787,0.2497,0.2244,19.48331539289559,10.132158590308377
1747,0.2771,0.2481,0.2234,19.3792854565139,9.95566303909714
1749,0.2774,0.2484,0.2235,19.430425378514773,10.024154589371982
1750,0.274,0.2452,0.2205,19.52554744525548,10.073409461663948
1754,0.2744,0.2455,0.2208,19.533527696792998,10.061099796334013
1756,0.2739,0.2452,0.2206,19.459656809054398,10.032626427406203
1757,0.274,0.2452,0.2206,19.48905109489052,10.032626427406203
1758,0.276,0.247,0.2216,19.71014492753624,10.283400809716602
1759,0.275,0.2461,0.2212,19.563636363636366,10.117838277123123
1760,0.2745,0.2456,0.2208,19.562841530054655,10.097719869706847
1761,0.2737,0.2449,0.2202,19.54694921446839,10.08574928542262
1762,0.274,0.2453,0.2206,19.48905109489052,10.069302894415003
1763,0.2753,0.2464,0.2215,19.54231747184889,10.105519480519483
1764,0.2745,0.2456,0.2207,19.599271402550094,10.138436482084693
1766,0.2745,0.2454,0.2207,19.599271402550094,10.06519967400163
1767,0.273,0.2442,0.2198,19.487179487179496,9.991809991809994
1769,0.274,0.2452,0.2205,19.52554744525548,10.073409461663948
1770,0.274,0.2453,0.2204,19.56204379562044,10.15083571137382
1771,0.2749,0.2462,0.2214,19.461622408148408,10.073111291632813
1774,0.2749,0.2458,0.2211,19.570753001091305,10.048820179007322
1775,0.2755,0.2466,0.2216,19.56442831215972,10.13787510137876
1776,0.2731,0.2444,0.2202,19.370194068106922,9.901800327332241
1777,0.2746,0.2459,0.221,19.519300801165336,10.126067507116716
1780,0.2745,0.2459,0.2211,19.453551912568315,10.085400569337136
1781,0.2742,0.2454,0.2206,19.54777534646244,10.105949470252655
1788,0.2736,0.2449,0.2202,19.517543859649123,10.08574928542262
1800,0.2743,0.2457,0.2211,19.39482318629238,10.012210012210017
1803,0.2734,0.2448,0.2201,19.495245062179954,10.089869281045752
1806,0.2745,0.2457,0.2211,19.453551912568315,10.012210012210017
1807,0.2742,0.2455,0.2206,19.54777534646244,10.142566191446031
1811,0.2742,0.2456,0.221,19.40189642596645,10.016286644951144
1818,0.2748,0.2461,0.2214,19.43231441048034,10.03657049979683
1948,0.479,0.4436,0.384,19.83298538622129,13.43552750225428
1949,0.4792,0.4437,0.3836,19.949916527545913,13.545188190218612
1952,0.4786,0.4432,0.3831,19.954032595068956,13.560469314079421
1954,0.4784,0.443,0.383,19.94147157190635,13.544018058690742
1955,0.4785,0.443,0.383,19.9582027168234,13.544018058690742
1956,0.4781,0.4428,0.3829,19.91215226939971,13.52755194218609
1959,0.4774,0.4419,0.3817,20.046082949308758,13.622991627064954
1960,0.4806,0.4452,0.3849,19.912609238451935,13.544474393530988
1961,0.4785,0.4431,0.3833,19.89550679205852,13.49582487023246
1963,0.4792,0.4436,0.3829,20.09599332220367,13.683498647430111
1964,0.4776,0.4423,0.383,19.80737018425461,13.407189690255485
1965,0.4798,0.4442,0.3847,19.82075864943727,13.39486717694732
1968,0.4775,0.4421,0.3835,19.685863874345543,13.254919701425013
1970,0.4786,0.4431,0.3825,20.079398244880906,13.676371022342584
1973,0.4788,0.4435,0.3841,19.77861319966583,13.393461104847804
1998,0.6196,0.588,0.5118,17.398321497740476,12.959183673469376
1999,0.6198,0.5883,0.5123,17.344304614391746,12.918578956314816
2000,0.8106,0.7989,0.7553,6.82210708117444,5.457504068093639
2102,0.3719,0.3389,0.3009,19.091153535896748,11.21274712304514
2104,0.371,0.3382,0.3,19.13746630727763,11.295091661738619
2106,0.3718,0.3389,0.3006,19.150080688542236,11.30126881085866
2110,0.3737,0.3405,0.3014,19.347069842119343,11.483113069016158
2111,0.3719,0.339,0.3005,19.19870933046518,11.35693215339234
2116,0.3721,0.3391,0.3012,19.05401773716742,11.176644057800056
2120,0.374,0.341,0.3025,19.117647058823533,11.29032258064517
2121,0.3736,0.3404,0.3022,19.11134903640256,11.222091656874253
2123,0.3722,0.3391,0.3006,19.23696937130575,11.353583013860227
2125,0.3731,0.34,0.3014,19.2173679978558,11.352941176470594
2126,0.3724,0.3393,0.301,19.172932330827074,11.287945770704393
2128,0.3728,0.3398,0.3014,19.152360515021464,11.3007651559741
2129,0.3729,0.3399,0.3015,19.147224456958973,11.297440423654013
2132,0.3705,0.3378,0.2997,19.109311740890682,11.27886323268205
2143,0.3713,0.3384,0.3005,19.06813897118234,11.199763593380613
2147,0.3714,0.3384,0.3002,19.17070543887991,11.288416075650105
2149,0.3727,0.3399,0.3015,19.103836866112154,11.297440423654013
2150,0.371,0.3382,0.3003,19.0566037735849,11.206386753400352
2155,0.3715,0.3387,0.3003,19.16554508748317,11.337466784765276
2382,0.3652,0.3326,0.2959,18.975903614457838,11.034275405892966
2394,0.3675,0.3348,0.2972,19.129251700680268,11.230585424133801
2401,0.3646,0.3323,0.2951,19.061985737794846,11.194703581101418
2403,0.3666,0.3342,0.2971,18.957992362247683,11.101137043686423
2406,0.3674,0.3347,0.2974,19.05280348394121,11.144308335823125
2409,0.3665,0.334,0.2965,19.099590723055936,11.22754491017965
2419,0.3655,0.3333,0.296,19.015047879616965,11.191119111911192
2421,0.3651,0.3327,0.2958,18.981101068200488,11.091073038773667
2424,0.3674,0.3349,0.2974,19.05280348394121,11.197372349955206
2433,0.3681,0.3354,0.2973,19.23390383048084,11.359570661896235
2436,0.3665,0.334,0.2965,19.099590723055936,11.22754491017965
2438,0.366,0.3336,0.296,19.125683060109292,11.270983213429263
2441,0.3648,0.3324,0.2953,19.051535087719298,11.161251504211783
2444,0.3666,0.3341,0.2972,18.930714675395517,11.04459742592038
2446,0.3657,0.3332,0.2959,19.086683073557566,11.194477791116448
2456,0.3666,0.3342,0.2967,19.06710310965629,11.220825852782758
2459,0.3672,0.3349,0.2975,18.98148148148149,11.167512690355327
2460,0.3673,0.3348,0.2973,19.05799074326164,11.20071684587813
2466,0.3682,0.3356,0.2974,19.228680065181972,11.382598331346845
2558,0.3597,0.3271,0.2898,19.43286071726439,11.403240599205136
2589,0.3622,0.3297,0.292,19.381557150745454,11.434637549287235
2611,0.3602,0.3276,0.2904,19.378123264852867,11.355311355311358
2620,0.3623,0.3297,0.2924,19.293403256969366,11.313315134971186
2622,0.3616,0.3289,0.2913,19.441371681415923,11.432046214654916
2625,0.3604,0.3278,0.2908,19.311875693673695,11.287370347773026
2630,0.3619,0.3292,0.292,19.31472782536613,11.30012150668287
2634,0.3611,0.3287,0.2918,19.19135973414566,11.226041983571642
2639,0.3614,0.3288,0.2917,19.286109573879354,11.28345498783454
2641,0.3598,0.3273,0.2906,19.232907170650357,11.212954476015874
2651,0.3606,0.3281,0.291,19.30116472545757,11.307528192624208
2652,0.3613,0.3286,0.2914,19.34680321062829,11.320754716981135
2657,0.3611,0.3286,0.2917,19.21905289393519,11.229458307973216
2661,0.3611,0.3284,0.2913,19.32982553309332,11.29719853836785
2685,0.3587,0.326,0.2892,19.375522720936715,11.28834355828221
2687,0.3599,0.3275,0.2904,19.310919699916646,11.328244274809167
2688,0.3603,0.3276,0.2906,19.34499028587288,11.294261294261288
2776,0.4773,0.4424,0.3866,19.002723653886445,12.613019891500906
2781,0.4787,0.4438,0.3874,19.07248798830165,12.708427219468218
2783,0.4779,0.4428,0.3867,19.08349026993095,12.669376693766946
2789,0.4785,0.4436,0.3875,19.017763845350046,12.646528403967535
2790,0.4785,0.4437,0.3874,19.03866248693834,12.688753662384485
2791,0.4789,0.4439,0.387,19.189809981206928,12.818202297814823
2792,0.4792,0.4443,0.3878,19.07345575959934,12.71663290569435
2793,0.4799,0.445,0.3884,19.066472181704516,12.719101123595502
2795,0.4779,0.443,0.3866,19.104415149612887,12.731376975169301
2796,0.4774,0.4426,0.387,18.935902806870544,12.562132851333027
2797,0.4792,0.4445,0.3887,18.8856427378965,12.55343082114736
2799,0.4813,0.4463,0.39,18.969457718678576,12.614833071924705
2801,0.4791,0.4443,0.3884,18.931329576288874,12.58158901643033
2803,0.4784,0.4436,0.3875,19.000836120401335,12.646528403967535
2809,0.4771,0.4424,0.3864,19.010689582896667,12.658227848101264
2811,0.4797,0.445,0.389,18.90765061496769,12.584269662921347
2814,0.4777,0.4429,0.3873,18.924010885492994,12.553623842853925
2983,0.622,0.5911,0.5185,16.639871382636663,12.28218575537134
2984,0.623,0.5919,0.5202,16.500802568218297,12.113532691332994
2985,0.6225,0.5916,0.5191,16.61044176706828,12.254901960784315
2986,0.6217,0.5907,0.5182,16.647900916840925,12.273573726087694
2987,0.6226,0.5917,0.5192,16.607773851590114,12.252830826432316
2989,0.6222,0.5912,0.5189,16.602378656380576,12.229364005412707
2991,0.6227,0.5918,0.5195,16.5729885980408,12.216965190942892
2994,0.6219,0.5907,0.519,16.5460684997588,12.138141188420516
2999,0.7493,0.7276,0.6558,12.478313092219393,9.86805937328202
3000,0.8417,0.8329,0.7962,5.405726505880954,4.406291271461154
3150,0.3716,0.3393,0.3018,18.78363832077502,11.052166224580011
3204,0.372,0.3399,0.3022,18.76344086021505,11.091497499264477
3213,0.3735,0.3414,0.3035,18.741633199464527,11.101347393087286
3216,0.3719,0.3397,0.3015,18.9298198440441,11.245216367382989
3232,0.3702,0.3383,0.3006,18.80064829821718,11.143955069464976
3235,0.3723,0.3403,0.3021,18.85576148267527,11.225389362327363
3240,0.3738,0.3418,0.3038,18.726591760299627,11.117612638970153
3242,0.3718,0.3398,0.3019,18.80043033889188,11.15361977633902
3247,0.3734,0.3414,0.3031,18.826995179432252,11.21851200937317
3249,0.3712,0.3393,0.3014,18.803879310344822,11.170055997642201
3250,0.3698,0.3379,0.3005,18.739859383450522,11.068363421130508
3255,0.3698,0.3379,0.3009,18.631692806922665,10.949985202722692
3268,0.3707,0.3387,0.3006,18.91016994874562,11.248892825509307
3281,0.3708,0.3389,0.3013,18.743257820927724,11.09471820596045
3296,0.373,0.341,0.3026,18.87399463806971,11.260997067448693
3300,0.3706,0.3386,0.301,18.780356179168916,11.104548139397526
3303,0.3703,0.3386,0.3011,18.687550634620585,11.075014766686365
3325,0.3702,0.3382,0.3003,18.88168557536466,11.206386753400352
3328,0.3701,0.3383,0.3006,18.77870845717374,11.143955069464976
3448,0.4876,0.4539,0.3981,18.355209187858897,12.29345670852611
3461,0.4904,0.4566,0.4002,18.3931484502447,12.35216819973719
3465,0.4889,0.4553,0.3996,18.265493966046222,12.233692071161865
3469,0.4893,0.4557,0.3995,18.35274882485183,12.33267500548606
3476,0.4894,0.4559,0.4001,18.24683285655905,12.239526211888576
3477,0.49,0.4562,0.4005,18.265306122448973,12.209557211749226
3481,0.4886,0.4548,0.3983,18.48137535816619,12.423043095866314
3482,0.4901,0.4565,0.4001,18.363599265456024,12.35487404162103
3484,0.4875,0.454,0.3977,18.42051282051282,12.400881057268725
3490,0.4899,0.4563,0.4002,18.30985915492958,12.29454306377383
3496,0.4893,0.4558,0.3998,18.291436746372373,12.286090390522158
3503,0.488,0.4541,0.3974,18.565573770491806,12.486236511781552
3505,0.4865,0.4527,0.3972,18.355601233299073,12.259774685222
3513,0.4875,0.4535,0.398,18.358974358974354,12.23814773980154
3523,0.4865,0.4526,0.3966,18.47893114080164,12.372956252761819
3524,0.4871,0.4532,0.3974,18.41510983370971,12.312444836716685
3643,0.3669,0.3354,0.2982,18.7244480784955,11.091234347048289
3664,0.3653,0.3339,0.2972,18.64221188064604,10.991314764899657
3682,0.3651,0.3336,0.2971,18.625034237195294,10.941247002398091
3702,0.3653,0.3336,0.2969,18.724336162058584,11.00119904076739
3707,0.3641,0.3328,0.296,18.70365284262565,11.057692307692308
3708,0.3666,0.335,0.298,18.712493180578285,11.044776119402993
3711,0.3661,0.3345,0.2975,18.738049713193117,11.061285500747394
3715,0.3649,0.3334,0.2971,18.580432995341198,10.887822435512899
3733,0.3672,0.3355,0.2982,18.790849673202615,11.1177347242921
3737,0.367,0.3355,0.2984,18.69209809264305,11.058122205663196
3742,0.3662,0.3346,0.298,18.623702894593126,10.938433950986258
3750,0.3394,0.3071,0.2694,20.624631703005306,12.276131553239992
3755,0.3385,0.3063,0.2686,20.649926144756282,12.308194580476659
3758,0.342,0.3098,0.2712,20.701754385964918,12.45965138799226
3759,0.3409,0.3086,0.2701,20.76855382810208,12.475696694750479
3766,0.3412,0.3088,0.2701,20.838218053927314,12.532383419689122
3771,0.3403,0.3079,0.2697,20.746400235086686,12.40662552776876
3774,0.3411,0.3088,0.2701,20.815010260920552,12.532383419689122
3845,0.3415,0.3092,0.2705,20.790629575402637,12.516170763260012
3881,0.3412,0.3089,0.27,20.867526377491203,12.593072191647778
3888,0.3403,0.3082,0.2702,20.59947105495151,12.329656067488639
3892,0.3411,0.3092,0.2704,20.727059513339206,12.548512289780078
3895,0.3403,0.3083,0.2699,20.68762856303262,12.455400583846917
3919,0.341,0.309,0.27,20.821114369501466,12.621359223300965
3938,0.6103,0.5787,0.5043,17.368507291495984,12.856402280974603
3941,0.341,0.3088,0.2702,20.76246334310851,12.500000000000005
3942,0.6096,0.5779,0.5034,17.421259842519696,12.891503720366849
3943,0.6106,0.5789,0.5032,17.589256469046845,13.076524442908962
3947,0.6109,0.5791,0.5047,17.384187264691434,12.847522016922797
3948,0.6101,0.5784,0.5029,17.570890018029825,13.053250345781468
3950,0.5202,0.4885,0.426,18.108419838523645,12.794268167860798
3952,0.6102,0.5787,0.5031,17.551622418879052,13.063763608087092
3955,0.34,0.308,0.2698,20.64705882352942,12.402597402597406
3956,0.5203,0.4886,0.4258,18.16259850086488,12.853049529267288
3957,0.6105,0.5787,0.5034,17.542997542997554,13.011923276308973
3958,0.4758,0.4438,0.3872,18.621269440941575,12.753492564218114
3959,0.608,0.5763,0.5014,17.53289473684211,12.996703106021181
3961,0.4085,0.3765,0.3289,19.485924112607087,12.64276228419654
3964,0.3401,0.3081,0.27,20.611584827991766,12.366114897760458
3965,0.342,0.3098,0.2711,20.730994152046787,12.491930277598454
3980,0.34,0.308,0.2696,20.70588235294118,12.467532467532465
3985,0.3403,0.3082,0.27,20.658242727005575,12.394548994159624
3993,0.3409,0.309,0.2703,20.709885596949253,12.524271844660198
3996,0.7436,0.7215,0.648,12.856374394835935,10.187110187110187
3997,0.7433,0.7211,0.6484,12.767388672137765,10.081819442518373
3998,0.7452,0.7231,0.6498,12.80193236714975,10.136910524132198
3999,0.7567,0.7361,0.6659,11.999471388925596,9.536747724493946
4000,0.8576,0.8511,0.8224,4.1044776119402995,3.3721066854658615
4001,0.3564,0.3236,0.2826,20.707070707070702,12.669962917181701
4002,0.3578,0.3249,0.2836,20.737842370039125,12.711603570329332
4028,0.3569,0.3238,0.2828,20.762118240403474,12.662137121680045
4032,0.4754,0.4407,0.3807,19.920067311737487,13.614703880190607
4034,0.476,0.4414,0.3805,20.063025210084028,13.79700951517898
4036,0.3564,0.3238,0.2823,20.791245791245792,12.816553428041995
4052,0.4772,0.4423,0.3813,20.096395641240576,13.79154420076872
4058,0.3564,0.3235,0.2823,20.791245791245792,12.735703245749619
4062,0.479,0.4442,0.3826,20.12526096033403,13.867627194957224
4068,0.3543,0.3218,0.2811,20.66045723962743,12.647607209446848
4069,0.479,0.4444,0.3835,19.93736951983298,13.703870387038705
4075,0.3558,0.3232,0.282,20.74198988195616,12.747524752475254
4078,0.4772,0.4425,0.382,19.949706621961443,13.67231638418079
4079,0.4788,0.4441,0.384,19.799498746867165,13.532988065750953
4080,0.4785,0.4439,0.3823,20.104493207941488,13.87699932417212
4082,0.4768,0.4418,0.3806,20.176174496644297,13.852421910366688
4084,0.477,0.4424,0.3821,19.895178197064986,13.630198915009045
4087,0.4774,0.4427,0.3819,20.004189359028064,13.733905579399133
4088,0.476,0.4412,0.3808,19.99999999999999,13.689936536718031
4090,0.4792,0.4442,0.3829,20.09599332220367,13.800090049527233
4097,0.3565,0.3237,0.2829,20.64516129032258,12.604263206672847
4098,0.3566,0.3238,0.2823,20.835670218732467,12.816553428041995
4101,0.4765,0.4418,0.3812,20.0,13.716613852421919
4103,0.356,0.3233,0.2821,20.758426966292127,12.743581812557983
4109,0.4766,0.442,0.3819,19.869911875786826,13.5972850678733
4111,0.3564,0.3237,0.2826,20.707070707070702,12.696941612604254
4112,0.4762,0.4415,0.3809,20.012599748005037,13.725934314835783
4115,0.3558,0.323,0.2822,20.685778527262507,12.631578947368421
4119,0.4173,0.3835,0.3326,20.297148334531514,13.272490221642762
4123,0.3557,0.3231,0.2824,20.607253303345523,12.596719281956057
4128,0.3556,0.3228,0.2821,20.669291338582678,12.608426270136293
4134,0.3569,0.3242,0.2836,20.53796581675539,12.523133867982716
4136,0.3563,0.3234,0.2824,20.740948638787543,12.677798392084117
4140,0.3564,0.3237,0.2824,20.7631874298541,12.758727216558544
4144,0.3566,0.3239,0.2829,20.667414469994387,12.658227848101275
4154,0.3542,0.3217,0.2809,20.694522868435918,12.68262356232515
4158,0.3574,0.3246,0.2836,20.649132624510347,12.630930375847191
4159,0.3554,0.3228,0.2818,20.709060213843557,12.701363073110281
4162,0.3561,0.3235,0.2825,20.668351586632983,12.673879443585792
4178,0.357,0.3242,0.2832,20.67226890756302,12.64651449722393
4187,0.356,0.3233,0.2821,20.758426966292127,12.743581812557983
4188,0.3553,0.3228,0.2822,20.574162679425836,12.57744733581164
4199,0.3561,0.3234,0.2825,20.668351586632983,12.646876932591233
4208,0.3561,0.3236,0.2823,20.724515585509696,12.762669962917183
4209,0.3562,0.3238,0.2825,20.69062324536778,12.754786905497223
4212,0.3568,0.3241,0.2827,20.767937219730943,12.77383523603826
4214,0.356,0.3232,0.2823,20.70224719101123,12.654702970297027
4228,0.357,0.3242,0.2834,20.61624649859944,12.584824182603333
4233,0.357,0.3242,0.2832,20.67226890756302,12.64651449722393
4236,0.3564,0.3239,0.2829,20.622895622895626,12.658227848101275
4247,0.3573,0.3245,0.2834,20.682899524209354,12.665639445300469
4257,0.3556,0.3232,0.2823,20.613048368953887,12.654702970297027
4271,0.3558,0.3231,0.2819,20.770095559302984,12.751470133085737
4291,0.3566,0.3241,0.283,20.639371845204714,12.681271212588715
4838,0.6198,0.5892,0.5145,16.989351403678615,12.678207739307535
4840,0.6216,0.5911,0.5164,16.924066924066935,12.63745559127051
4842,0.622,0.5914,0.5166,16.945337620578783,12.647954007439989
4843,0.6223,0.5919,0.517,16.92109914832074,12.654164554823444
4846,0.6214,0.5908,0.5167,16.849050531058886,12.542315504400802
4847,0.6226,0.592,0.5168,16.993254095727593,12.702702702702693
4852,0.6204,0.5898,0.5161,16.811734364925847,12.495761275008475
4854,0.6228,0.5921,0.5163,17.100192678227366,12.801891572369527
4856,0.6236,0.593,0.5178,16.96600384862091,12.681281618887006
4857,0.6209,0.5904,0.5157,16.94314704461265,12.652439024390242
4858,0.622,0.5915,0.5181,16.70418006430868,12.409129332206257
4859,0.6206,0.5901,0.5151,16.999677731227848,12.70971021860701
4866,0.6212,0.5906,0.5158,16.967160334835793,12.665086352861493
4867,0.6212,0.5907,0.5164,16.870573084352866,12.57829693583884
4873,0.6237,0.5933,0.5189,16.80295013628347,12.540030338783081
4876,0.6211,0.5907,0.5161,16.905490259217515,12.629084137464025
4985,0.7555,0.7343,0.6632,12.217074784910647,9.682690998229598
4986,0.756,0.7351,0.6643,12.12962962962963,9.631342674466056
4987,0.7553,0.7341,0.6623,12.312988216602673,9.780683830540795
4990,0.7551,0.7339,0.663,12.197059992054026,9.660716718899028
4991,0.7542,0.7331,0.6625,12.158578626359057,9.630336925385349
4992,0.7552,0.7341,0.6632,12.182203389830505,9.658084729600867
4993,0.7551,0.7339,0.6629,12.210303271089915,9.674342553481393
4994,0.7546,0.7333,0.662,12.271402067320436,9.723169234965216
4995,0.755,0.734,0.6631,12.172185430463573,9.659400544959123
4999,0.8367,0.8256,0.7778,7.039560176885377,5.789728682170537
5000,0.8765,0.8722,0.8517,2.8294352538505345,2.350378353588622
5874,0.4853,0.4523,0.3951,18.586441376468162,12.64647357948264
5924,0.4865,0.4534,0.3965,18.4994861253854,12.549625055138952
5933,0.4866,0.4536,0.3964,18.53678586107686,12.610229276895948
5938,0.4837,0.4507,0.3941,18.52387843704776,12.558242733525624
5939,0.4846,0.4515,0.3944,18.613289310771773,12.646733111849398
5943,0.4862,0.453,0.396,18.552036199095024,12.58278145695364
5950,0.4857,0.4528,0.3963,18.406423718344662,12.47791519434629
5953,0.4876,0.4546,0.3974,18.49876948318294,12.582490101187863
5957,0.4865,0.4535,0.3961,18.58170606372045,12.657111356119074
5963,0.4869,0.4537,0.3964,18.58697884575889,12.629490852986558
5964,0.4867,0.4535,0.3958,18.676802958701465,12.723263506063953
5965,0.4852,0.4522,0.3953,18.52844187963727,12.58292790800531
5968,0.487,0.4539,0.3967,18.542094455852155,12.60189469046046
5981,0.4886,0.4555,0.398,18.542775276299626,12.623490669593851
5992,0.4876,0.4545,0.3975,18.47826086956521,12.541254125412541
6007,0.4841,0.4506,0.3932,18.77711216690766,12.73857079449623
6020,0.4832,0.4497,0.3918,18.91556291390729,12.875250166777855
6024,0.4834,0.4498,0.3928,18.742242449317338,12.67229879946643
6028,0.4842,0.4506,0.3937,18.690623709211074,12.627607634265425
6031,0.4836,0.4502,0.3929,18.755169561621166,12.727676588183021
7712,0.4768,0.4429,0.3825,19.77768456375839,13.637389930006774
7717,0.4756,0.4416,0.3815,19.785534062237176,13.60960144927536
7726,0.4769,0.4429,0.3816,19.983224994757812,13.840596071347939
7728,0.4751,0.4411,0.3807,19.86950115765103,13.693040126955342
7750,0.4753,0.4413,0.3808,19.882179675994102,13.709494674824382
7767,0.476,0.4421,0.3816,19.83193277310924,13.684686722460981
7770,0.4756,0.4416,0.3806,19.974768713204377,13.81340579710145
7779,0.4766,0.4426,0.3818,19.890893831305085,13.73700858563037
7795,0.4756,0.4417,0.3806,19.974768713204377,13.832918270319219
7796,0.4746,0.4406,0.38,19.93257479983144,13.753971856559236
7804,0.4761,0.4422,0.3816,19.84877126654065,13.704206241519673
7820,0.4767,0.4427,0.3812,20.03356408642753,13.892026202846171
7821,0.4765,0.4424,0.3819,19.853095487932837,13.675406871609402
7827,0.4744,0.4405,0.3803,19.835581787521072,13.666288308740063
7829,0.4747,0.4409,0.3799,19.97050768906678,13.835336811068268
7834,0.4756,0.4416,0.3806,19.974768713204377,13.81340579710145
7835,0.4759,0.4419,0.3819,19.752048749737334,13.57773251866938
7874,0.4753,0.4412,0.3809,19.861140332421627,13.667271078875787
7876,0.4757,0.4418,0.3811,19.8864830775699,13.739248528746046
8525,0.6238,0.5936,0.5195,16.720102596986223,12.483153638814025
8533,0.6235,0.5932,0.5186,16.824378508420224,12.575859743762644
8537,0.6241,0.5939,0.5192,16.808203813491428,12.577875063141942
8538,0.6247,0.5943,0.5208,16.631983352008962,12.36749116607774
8543,0.6249,0.5944,0.519,16.946711473835812,12.68506056527591
8546,0.6247,0.5945,0.5194,16.856090923643357,12.632464255677048
8549,0.6272,0.5968,0.522,16.772959183673464,12.53351206434316
8556,0.6249,0.5947,0.5207,16.674667946871494,12.44324869682192
8557,0.6236,0.5934,0.5187,16.821680564464398,12.588473205257833
8581,0.6263,0.5962,0.5213,16.76512853265208,12.562898356256285
8582,0.6249,0.5945,0.52,16.786685869739156,12.531539108494535
8587,0.6247,0.5946,0.5204,16.696014086761654,12.478977463841245
8589,0.6261,0.5961,0.522,16.62673694298035,12.430800201308497
8591,0.6256,0.5953,0.5202,16.847826086956527,12.615487989249127
8598,0.6245,0.5942,0.5194,16.8294635708567,12.588354089532142
8599,0.6243,0.5941,0.5204,16.64263975652731,12.405318969870391
8605,0.6244,0.5942,0.5203,16.67200512491992,12.436889936048463
8617,0.624,0.5938,0.5194,16.762820512820518,12.529471202425063
8702,0.4755,0.4417,0.3821,19.642481598317556,13.49332125877292
8717,0.4758,0.4421,0.3813,19.86128625472888,13.752544673150876
8720,0.4749,0.4411,0.3808,19.814697831122334,13.670369530718652
8722,0.4751,0.4413,0.3814,19.72216375499895,13.573532744164968
8728,0.4746,0.4408,0.3813,19.65865992414666,13.498185117967342
8737,0.4759,0.4421,0.3821,19.710023114099602,13.571590137977832
8763,0.474,0.4402,0.3802,19.78902953586498,13.630168105406634
8769,0.4735,0.4393,0.3792,19.915522703273496,13.68085590712498
8776,0.473,0.439,0.3793,19.809725158562358,13.599088838268786
8779,0.4738,0.4398,0.3797,19.860700717602366,13.665302410186458
8795,0.4742,0.4402,0.3797,19.928300295234084,13.743752839618356
8797,0.4746,0.4407,0.3804,19.848293299620735,13.68277739959155
8808,0.474,0.4399,0.3796,19.91561181434599,13.70766083200728
8821,0.4769,0.4428,0.382,19.89934996854686,13.730803974706419
8834,0.4746,0.4407,0.3803,19.86936367467341,13.705468572725199
8836,0.4734,0.4392,0.3789,19.96197718631178,13.729508196721305
8837,0.4747,0.4407,0.3811,19.71771645249632,13.523939187656001
8843,0.4743,0.4402,0.3804,19.79759645793801,13.584734211721939
8847,0.4746,0.4406,0.3807,19.785082174462712,13.595097594189742
8859,0.4756,0.4416,0.3812,19.84861227922625,13.67753623188406
9239,0.4734,0.4394,0.3795,19.835234474017742,13.63222576240328
9324,0.4729,0.439,0.3786,19.940790864876295,13.758542141230071
9329,0.4749,0.4408,0.3806,19.856811960412717,13.656987295825779
9369,0.4741,0.44,0.3804,19.763762919215356,13.545454545454541
9372,0.4757,0.4416,0.3809,19.928526382173636,13.74547101449275
9393,0.4757,0.4417,0.3821,19.67626655455119,13.49332125877292
9402,0.4744,0.4406,0.381,19.68802698145025,13.527008624602813
9410,0.4745,0.4405,0.3808,19.747102212855626,13.552780930760495
9412,0.4748,0.4409,0.381,19.755686604886264,13.585847130868679
9416,0.4729,0.4392,0.3798,19.687037428631836,13.524590163934416
9421,0.4749,0.4409,0.3809,19.793640766477147,13.608528010886822
9437,0.4738,0.4397,0.3803,19.73406500633178,13.509210825562873
9438,0.474,0.4401,0.3807,19.68354430379747,13.496932515337425
9446,0.4733,0.4395,0.3796,19.797168814705262,13.629124004550627
9447,0.4758,0.4418,0.3815,19.8192517864649,13.64870982344953
9449,0.4754,0.4414,0.3816,19.730753050063104,13.547802446760313
9451,0.4737,0.4399,0.38,19.78045176271902,13.616731075244376
9453,0.4733,0.4394,0.3797,19.776040566237064,13.586709148839333
9479,0.4737,0.4397,0.38,19.78045176271902,13.577439163065721
9540,0.4743,0.4403,0.3815,19.56567573265865,13.354531001589828
9673,0.7593,0.7388,0.6702,11.734492295535356,9.28532755820249
9681,0.7615,0.7409,0.672,11.75311884438607,9.29950060736941
9688,0.7614,0.7408,0.6728,11.636459154189653,9.179265658747308
9695,0.7607,0.7403,0.6723,11.62087550939924,9.185465351884364
9696,0.7604,0.7399,0.6709,11.770120988953172,9.325584538451135
9698,0.7603,0.7395,0.6709,11.758516375115075,9.27653820148749
9703,0.7629,0.7423,0.6746,11.574256127932893,9.120301764785125
9704,0.76,0.7392,0.6716,11.631578947368425,9.145021645021645
9707,0.761,0.7405,0.6717,11.734559789750335,9.291019581363955
9710,0.76,0.7392,0.6707,11.750000000000007,9.266774891774892
9712,0.7607,0.74,0.6705,11.857499671355336,9.391891891891893
9714,0.7607,0.7401,0.6713,11.752333377152627,9.29604107553033
9718,0.7615,0.7409,0.673,11.621799080761644,9.164529626130378
9720,0.7607,0.7403,0.6729,11.542000788747204,9.104417128191262
9725,0.7604,0.7396,0.6712,11.730668069437131,9.248242293131424
9731,0.7615,0.7406,0.6711,11.871306631648054,9.384283013772617
9736,0.7606,0.7399,0.6704,11.859058637917439,9.393161238005137
9786,0.4734,0.4395,0.3797,19.792986903253066,13.606370875995456
9813,0.4749,0.441,0.3823,19.498841861444518,13.31065759637189
9832,0.4754,0.4416,0.3816,19.730753050063104,13.586956521739129
9853,0.474,0.4402,0.3809,19.641350210970458,13.471149477510217
9860,0.4756,0.4418,0.3826,19.554247266610602,13.399728383884115
9864,0.4747,0.441,0.382,19.528123025068464,13.378684807256235
9870,0.4735,0.4397,0.3807,19.5987328405491,13.418239708892427
9897,0.4742,0.4405,0.3813,19.59088991986504,13.439273552780936
9902,0.4747,0.4409,0.3812,19.696650516115447,13.540485370832394
9915,0.4759,0.4421,0.383,19.520907753729773,13.368016285908164
9929,0.8445,0.8339,0.7896,6.500888099467147,5.312387576448016
9935,0.4752,0.4413,0.3819,19.63383838383838,13.460231135282122
9945,0.8455,0.8349,0.7918,6.351271437019525,5.162294885615047
9948,0.8444,0.8337,0.791,6.324017053529134,5.121746431570105
9949,0.8446,0.8341,0.7932,6.0857210513852715,4.903488790312905
9950,0.4739,0.4404,0.3804,19.729900822958424,13.623978201634875
9953,0.7213,0.703,0.6544,9.274920282822691,6.9132290184921725
9954,0.8441,0.8335,0.7902,6.385499348418428,5.194961007798441
9955,0.8447,0.8342,0.7912,6.3336095655262215,5.154639175257737
9956,0.8443,0.8338,0.7906,6.36029847210708,5.181098584792519
9957,0.844,0.8332,0.7891,6.504739336492885,5.292846855496883
9958,0.8436,0.833,0.7914,6.187766714082507,4.993997599039613
9959,0.8445,0.834,0.7908,6.358792184724699,5.179856115107915
9960,0.844,0.8334,0.7895,6.457345971563981,5.267578593712509
9962,0.8444,0.8338,0.7917,6.241117953576513,5.049172463420488
9963,0.6599,0.6377,0.5865,11.12289740869829,8.028853692959075
9964,0.8442,0.8336,0.7911,6.289978678038372,5.098368522072935
9965,0.8442,0.8335,0.7904,6.372897417673533,5.170965806838635
9975,0.4755,0.4416,0.3822,19.621451104100945,13.45108695652174
9976,0.4762,0.4425,0.3832,19.529609407811847,13.401129943502829
9981,0.4769,0.4434,0.3836,19.56384986370308,13.486693730266131
9990,0.8815,0.8777,0.8614,2.2802041973907996,1.8571265808362745
9991,0.8824,0.8785,0.8625,2.2552130553037077,1.8212862834376669
9992,0.8821,0.8781,0.8609,2.403355628613536,1.9587746270356445
9993,0.8823,0.8784,0.8616,2.3461407684461,1.9125683060109206
9994,0.8826,0.8787,0.8627,2.254702016768641,1.82087174234665
9995,0.8817,0.8777,0.8612,2.325053873199509,1.8799134100489996
9996,0.8852,0.882,0.8686,1.8752824220515079,1.5192743764172298
9997,0.8865,0.8837,0.8718,1.6582064297800267,1.3466108407830735
9998,0.8954,0.8946,0.8916,0.42439133348224545,0.3353454057679413
9999,0.8955,0.8947,0.8917,0.42434394193187214,0.33530792444394797
10000,0.8954,0.8947,0.8918,0.40205494750948595,0.32413099362915093
10007,0.4668,0.432,0.3708,20.565552699228785,14.16666666666666
10014,0.4663,0.4316,0.3706,20.52326828222175,14.13345690454124
10019,0.4679,0.4333,0.3712,20.66680914725369,14.33187168243712
13104,0.6215,0.5909,0.5164,16.910699919549486,12.607886275173467
13142,0.6214,0.5907,0.5161,16.945606694560663,12.629084137464025
13161,0.6202,0.5894,0.5145,17.042889390519193,12.707838479809988
13165,0.6212,0.5904,0.5171,16.757887958789436,12.415311653116536
13167,0.621,0.5903,0.5154,17.0048309178744,12.688463493139093
13184,0.6197,0.5892,0.5149,16.9114087461675,12.610319076714177
13187,0.6203,0.5894,0.515,16.975656940190223,12.623006447234477
13197,0.6198,0.589,0.5142,17.0377541142304,12.699490662139215
13206,0.6208,0.5901,0.5162,16.849226804123717,12.523301135400775
13211,0.6218,0.5909,0.5173,16.806046960437445,12.455576239634455
13221,0.6213,0.5907,0.5165,16.867857717688718,12.561367868630446
13238,0.6209,0.5902,0.516,16.89483008535996,12.572009488309039
13249,0.6217,0.591,0.5166,16.90525977159403,12.588832487309649
13272,0.6224,0.5916,0.5171,16.91838046272493,12.59296822177147
13285,0.6203,0.5896,0.515,16.975656940190223,12.652645861601087
13297,0.621,0.5904,0.5159,16.92431561996779,12.618563685636857
13307,0.6204,0.5897,0.5162,16.79561573178594,12.46396472782771
13310,0.6207,0.5901,0.5147,17.077493152891893,12.777495339772907
13314,0.6212,0.5906,0.5157,16.98325820991628,12.682018286488312
15878,0.6253,0.5947,0.5181,17.143770989924832,12.88044392130486
15975,0.622,0.5914,0.5147,17.25080385852089,12.969225566452483
15978,0.625,0.5945,0.5176,17.184000000000008,12.93523969722457
16012,0.6232,0.5925,0.5163,17.153401797175867,12.860759493670892
16034,0.6231,0.5924,0.5161,17.172203498635852,12.879810938555035
16036,0.6236,0.5929,0.517,17.09429121231559,12.801484230055655
16062,0.6226,0.5919,0.5156,17.185994217796353,12.89069099510053
16065,0.6247,0.5941,0.5181,17.064190811589565,12.792459181955893
16067,0.6244,0.5938,0.5176,17.104420243433697,12.832603570225674
16078,0.6251,0.5943,0.5177,17.181250999840017,12.889113242470133
16082,0.6215,0.5909,0.5147,17.184231697506032,12.895583008969357
16095,0.6256,0.595,0.5182,17.167519181585686,12.90756302521008
16109,0.6239,0.5934,0.5169,17.15018432441096,12.891809908998992
16126,0.6242,0.5936,0.5165,17.254085229093246,12.98854447439354
16134,0.6249,0.5945,0.5173,17.218755000800133,12.98570227081582
16138,0.6246,0.5939,0.5162,17.355107268651945,13.083010607846438
16143,0.6244,0.5936,0.5175,17.120435618193465,12.820080862533704
16174,0.6245,0.5939,0.5179,17.069655724579665,12.796767132513883
16182,0.6248,0.5942,0.5179,17.10947503201024,12.840794345338258
17134,0.7649,0.744,0.6773,11.452477448032424,8.965053763440858
17144,0.7659,0.7451,0.6769,11.620315968142066,9.153133807542616
17155,0.7652,0.7445,0.6759,11.670151594354424,9.214237743451994
17160,0.7647,0.744,0.6759,11.612397018438616,9.15322580645162
17161,0.7647,0.744,0.6765,11.533934876422133,9.07258064516129
17164,0.7652,0.7446,0.6765,11.591740721380031,9.145850120870271
17179,0.764,0.7433,0.6754,11.596858638743457,9.134938786492663
17182,0.7649,0.7441,0.677,11.491698261210614,9.017605160596686
17192,0.7655,0.7449,0.6771,11.54800783801436,9.101892871526376
17202,0.7655,0.7448,0.6776,11.48269105160026,9.02255639097745
17207,0.7637,0.7429,0.6749,11.627602461699619,9.153318077803196
17211,0.7651,0.7442,0.6755,11.710887465690762,9.231389411448534
17214,0.7647,0.7442,0.6765,11.533934876422133,9.097016930932543
17228,0.7649,0.7443,0.6764,11.570139887567004,9.122665591831245
17240,0.7643,0.7435,0.6751,11.670809891403893,9.199731002017487
17255,0.7641,0.7434,0.6741,11.778563015312129,9.322033898305074
17272,0.7663,0.7458,0.6778,11.54900169646353,9.117725931885232
17293,0.7666,0.746,0.6787,11.466214453430732,9.021447721179628
18017,0.6291,0.5987,0.5224,16.960737561595934,12.744279271755477
18030,0.6273,0.5967,0.5213,16.897816036983897,12.636165577342052
18031,0.6275,0.5968,0.5202,17.09960159362549,12.835120643431635
18043,0.6281,0.5976,0.5227,16.780767393727103,12.533467202141896
18055,0.6266,0.596,0.5208,16.88477497606128,12.61744966442952
18059,0.6264,0.5957,0.5204,16.922094508301402,12.640590901460472
18080,0.6261,0.5955,0.5208,16.818399616674647,12.544080604534003
18090,0.6273,0.5968,0.5211,16.92969870875179,12.684316353887398
18094,0.627,0.5963,0.5201,17.049441786283893,12.778802616132825
18098,0.6258,0.5954,0.5203,16.858421220837332,12.613369163587512
18104,0.6281,0.5975,0.5214,16.987740805604208,12.736401673640177
18112,0.6282,0.5978,0.5223,16.857688634192932,12.629642020742725
18150,0.6291,0.5985,0.5228,16.897154665395,12.648287385129489
18165,0.6266,0.5962,0.5212,16.82093839770189,12.57967125125796
18167,0.6284,0.5979,0.5218,16.96371737746657,12.727880916541217
18212,0.6276,0.597,0.5212,16.953473550031877,12.696817420435508
18216,0.6301,0.5997,0.5236,16.902079035073804,12.689678172419553
18231,0.6298,0.5992,0.5238,16.830739917434105,12.583444592790375
18306,0.6267,0.5962,0.5203,16.977820328705928,12.73062730627306
18324,0.6268,0.5964,0.5203,16.991065730695603,12.759892689470162
18905,0.8507,0.8402,0.8006,5.889267661925477,4.71316353249226
18912,0.8508,0.8404,0.7999,5.982604607428296,4.819133745835314
18913,0.8492,0.8388,0.7983,5.9938765897315065,4.828326180257508
18915,0.85,0.8396,0.8018,5.670588235294121,4.502143878037168
18926,0.8509,0.8407,0.8004,5.934892466799858,4.7936243606518385
18932,0.8496,0.8391,0.7985,6.014595103578158,4.838517459182453
18933,0.8497,0.8391,0.7987,6.002118394727556,4.814682397807173
18960,0.8501,0.8396,0.7987,6.0463474885307615,4.871367317770373
18968,0.85,0.8396,0.7986,6.0470588235294125,4.883277751310152
18970,0.8515,0.8412,0.8014,5.883734586024666,4.731336186400374
18971,0.8501,0.8396,0.8002,5.869897659098923,4.692710814673653
18973,0.8511,0.8407,0.8017,5.804253319233933,4.638991316759847
18975,0.8508,0.8404,0.8015,5.794546309355901,4.628748215135655
18977,0.8503,0.84,0.8001,5.903798659296709,4.749999999999992
18989,0.8508,0.8404,0.8013,5.818053596614949,4.65254640647311
19006,0.85,0.8395,0.8005,5.823529411764705,4.645622394282315
19011,0.8507,0.8403,0.8007,5.877512636652174,4.712602641913612
19014,0.8498,0.8394,0.8001,5.848434925864905,4.681915654038598
19017,0.8504,0.8399,0.8017,5.726716839134534,4.5481604952970605
19489,0.6316,0.6013,0.526,16.71944268524383,12.522867121237308
19530,0.6316,0.6014,0.5272,16.52944901836606,12.337878284003997
19558,0.8869,0.8834,0.8706,1.8378622167098864,1.4489472492641977
19563,0.8866,0.8827,0.8685,2.0415068802165584,1.6087005777727414
19566,0.8867,0.8831,0.8679,2.1202210443216463,1.7212093760616003
19573,0.8866,0.8829,0.8688,2.007669749605238,1.597009853890588
19575,0.887,0.8833,0.8688,2.0518602029312283,1.6415713800520728
19581,0.8868,0.883,0.8686,2.05232295895354,1.6308040770101888
19590,0.8868,0.8832,0.8707,1.815516463689671,1.4153079710144878
19592,0.8872,0.8835,0.8694,2.0063119927862982,1.5959252971137525
19595,0.8868,0.8832,0.869,2.007216959855665,1.6077898550724625
19596,0.8877,0.884,0.8703,1.9601216627239022,1.5497737556561137
19597,0.8868,0.883,0.8692,1.9846639603067275,1.5628539071347716
19598,0.8868,0.8831,0.8697,1.928281461434371,1.5173819499490395
19601,0.8876,0.8837,0.8692,2.0730058584948146,1.6408283354079516
19602,0.8876,0.8838,0.8694,2.050473186119873,1.6293279022403346
19607,0.8872,0.8836,0.8693,2.0175834084761077,1.6183793571752025
19610,0.8877,0.884,0.8692,2.084037400022538,1.6742081447963841
19614,0.8874,0.8836,0.8702,1.9382465629930128,1.5165233137166227
19621,0.8871,0.8833,0.8698,1.9501747266373555,1.5283595607381362
19646,0.6311,0.601,0.5262,16.621771510061794,12.445923460898499
19653,0.631,0.6005,0.5248,16.830427892234542,12.606161532056618
19654,0.6313,0.601,0.5264,16.616505623316964,12.412645590682196
19674,0.6322,0.6021,0.5272,16.608668142992723,12.439794054143825
19679,0.6327,0.6026,0.5271,16.69037458511143,12.529040823099901
19711,0.6303,0.6,0.5257,16.595272092654294,12.38333333333334
19732,0.6309,0.6005,0.5248,16.817245205262317,12.606161532056618
19739,0.6327,0.6025,0.5281,16.532321795479692,12.348547717842326
19756,0.633,0.603,0.5283,16.540284360189574,12.388059701492535
19763,0.6337,0.6035,0.5285,16.600915259586564,12.427506213753118
19775,0.9002,0.8996,0.8974,0.311041990668743,0.2445531347265429
19781,0.8997,0.899,0.8957,0.44459264199177545,0.3670745272524994
19783,0.8997,0.8989,0.8964,0.36678892964322335,0.2781176994103969
19787,0.8994,0.8986,0.8966,0.31131865688236876,0.22256843979523724
19794,0.9,0.8993,0.8962,0.42222222222222505,0.3447125542088281
19796,0.6312,0.6009,0.5261,16.650823827629907,12.44799467465468
19799,0.8996,0.8989,0.8967,0.3223654957758896,0.24474357548114134
19803,0.9002,0.8994,0.8966,0.3999111308598142,0.31131865688236876
19804,0.6319,0.6018,0.527,16.600727963285326,12.429378531073443
19805,0.8989,0.8982,0.8967,0.24474357548114134,0.16700066800266597
19806,0.6312,0.601,0.5267,16.555766793409386,12.362728785357744
19809,0.8997,0.8989,0.896,0.41124819384239597,0.3226165313160545
19810,0.8998,0.8992,0.8967,0.344521004667703,0.27802491103202254
19812,0.8996,0.8987,0.896,0.4001778568252486,0.3004339601646863
19813,0.8993,0.8986,0.8967,0.2891137551428818,0.21144001780546423
19814,0.8106,0.8,0.7731,4.626202812731307,3.3625000000000043
19816,0.8993,0.8985,0.8963,0.3335927943956414,0.24485253199777185
19817,0.8997,0.8989,0.8961,0.4001333777926028,0.3114918233396401
19821,0.8998,0.8991,0.8969,0.32229384307624065,0.2446891335780202
19824,0.8997,0.8989,0.8972,0.2778704012448658,0.1891200355990694
19830,0.6321,0.6018,0.5265,16.7062173706692,12.512462612163516
19834,0.633,0.6029,0.5282,16.55608214849921,12.39011444684027
19835,0.6334,0.6031,0.528,16.64035364698452,12.452329630243732
19896,0.6316,0.6013,0.526,16.71944268524383,12.522867121237308
22493,0.7724,0.7519,0.6852,11.289487312273426,8.870860486766855
22511,0.7725,0.7521,0.6856,11.249190938511324,8.841909320569073
22530,0.7736,0.7534,0.6866,11.246122026887278,8.86647199362888
22541,0.7733,0.7528,0.6864,11.237553342816497,8.820403825717325
22554,0.774,0.7537,0.6862,11.343669250645993,8.955817964707444
22561,0.7742,0.7541,0.6876,11.185740118832346,8.818459090306325
22563,0.7731,0.7525,0.6864,11.214590609235545,8.784053156146172
22564,0.7724,0.752,0.6854,11.263593992749867,8.856382978723405
22575,0.7737,0.7534,0.6877,11.115419413209263,8.720467215290679
22576,0.7726,0.7522,0.6873,11.040641988092148,8.628024461579361
22583,0.7729,0.7526,0.6873,11.075171432268082,8.676587828859954
22584,0.7735,0.7533,0.6874,11.13122171945701,8.74817469799548
22589,0.773,0.7525,0.6864,11.203104786545925,8.784053156146172
22609,0.7731,0.7528,0.6861,11.253395421032202,8.860255047821465
22613,0.7735,0.7532,0.6866,11.234647705235938,8.84227296866702
22625,0.7745,0.7542,0.6883,11.129761136216908,8.737735348713864
22629,0.7745,0.7542,0.688,11.168495803744355,8.777512596128354
22681,0.7742,0.7537,0.687,11.263239473004385,8.849674936977573
22682,0.7735,0.7532,0.6872,11.157078215901738,8.762612851832175
22690,0.7751,0.7548,0.6865,11.430783124758097,9.048754636989935
26110,0.8581,0.848,0.8103,5.570446334925994,4.445754716981127
26181,0.8581,0.848,0.8104,5.558792681505649,4.4339622641509395
26195,0.8593,0.8494,0.8129,5.3997439776562315,4.297150930068294
26218,0.8589,0.8489,0.8112,5.553615089067407,4.441041347626335
26243,0.8586,0.8484,0.8113,5.5089680875844405,4.372937293729375
26264,0.858,0.8479,0.8098,5.6177156177156204,4.493454416794436
26268,0.8589,0.8487,0.8113,5.541972290138546,4.4067397195711075
26279,0.8587,0.8489,0.8121,5.426807965529285,4.335021792908464
26281,0.8592,0.8492,0.8122,5.470204841713214,4.357041921808752
26282,0.859,0.8491,0.8107,5.622817229336439,4.522435519962312
26293,0.8592,0.8492,0.8118,5.516759776536313,4.404145077720206
26294,0.859,0.8492,0.8125,5.413271245634458,4.321714554875172
26296,0.8586,0.8486,0.8117,5.46238061961333,4.348338439783177
26300,0.8594,0.8494,0.8116,5.562020013963238,4.450200141276201
26310,0.8588,0.8486,0.8105,5.6241266884024235,4.489747819938725
26311,0.8597,0.8497,0.8133,5.397231592415959,4.2838648934918195
26322,0.8595,0.8495,0.8135,5.351948807446194,4.237786933490292
26330,0.8598,0.8499,0.8126,5.489648755524542,4.388751617837393
26331,0.8593,0.8493,0.8127,5.42301873618061,4.309431296361718
26598,0.7813,0.7614,0.6963,10.879303724561623,8.550039401103222
26609,0.7819,0.7619,0.6981,10.717483054098988,8.373802336264598
26615,0.782,0.7621,0.6975,10.805626598465476,8.476577876919038
26630,0.782,0.7622,0.6972,10.843989769820968,8.527945421149298
26645,0.7798,0.7599,0.6969,10.630931007950768,8.290564547966845
26656,0.782,0.7622,0.6967,10.907928388746809,8.593545001311991
26662,0.7807,0.7607,0.6973,10.68272063532726,8.334428815564612
26678,0.781,0.7612,0.6969,10.768245838668381,8.447188649500792
26684,0.7818,0.7619,0.6974,10.795599897672043,8.46567791048694
26693,0.7813,0.7615,0.6967,10.828107001151928,8.509520682862767
26694,0.7802,0.7602,0.6968,10.689566777749299,8.339910549855304
26702,0.7807,0.7608,0.6963,10.810810810810802,8.477917981072554
26709,0.7815,0.7616,0.6973,10.774152271273184,8.442752100840337
26735,0.781,0.761,0.6962,10.857874519846348,8.515111695137973
26736,0.7819,0.7621,0.6973,10.819797928123801,8.502821152079775
26749,0.7817,0.7618,0.6961,10.950492516310593,8.624310842740874
26791,0.7814,0.7617,0.697,10.80112618377272,8.494157804910081
26821,0.7815,0.7616,0.6967,10.850927703134996,8.521533613445387
26829,0.7818,0.7619,0.6963,10.93630084420568,8.610053812836329
27913,0.8947,0.8911,0.8789,1.7659550687381282,1.369094377735382
27917,0.8941,0.8905,0.8782,1.7783245721955068,1.3812464907355393
27938,0.894,0.8906,0.8772,1.8791946308724872,1.5046036379968524
27939,0.8937,0.8901,0.8774,1.8238782589235862,1.426805976856538
27940,0.8941,0.8906,0.8784,1.7559557096521694,1.369863013698629
27943,0.8943,0.8908,0.878,1.8226545901822635,1.4369106421194469
27947,0.8938,0.8903,0.8777,1.8012978294920565,1.4152532854094064
27955,0.8941,0.8906,0.8779,1.8118778660105126,1.4260049404895503
27958,0.8946,0.891,0.8787,1.7773306505700774,1.380471380471378
27964,0.8939,0.8903,0.8776,1.82347018682179,1.4264854543412258
27968,0.8942,0.8907,0.8785,1.7557593379557197,1.3697092174694172
27982,0.8936,0.89,0.8778,1.7681289167412628,1.3707865168539313
27984,0.8933,0.8899,0.8783,1.679167133101983,1.3035172491291218
27992,0.895,0.8916,0.8778,1.921787709497206,1.5477792732166806
27995,0.8943,0.8908,0.8787,1.7443810801744322,1.358329591378536
27999,0.8942,0.8905,0.8778,1.8340416014314438,1.426165075800105
28023,0.8934,0.8899,0.8774,1.7909111260353723,1.4046522081132786
28032,0.8945,0.8909,0.8783,1.811067635550586,1.4143001459198625
28077,0.8947,0.8912,0.8788,1.7771319995529253,1.391382405745059
28651,0.9056,0.9049,0.9025,0.34231448763250794,0.2652226765388517
28666,0.9061,0.9055,0.9033,0.30901666482728446,0.24295969077857316
28667,0.9053,0.9045,0.9024,0.3203358002871991,0.23217247097844013
28671,0.9055,0.905,0.903,0.2760905577029207,0.22099447513812173
28672,0.9057,0.9052,0.9035,0.2429060395274351,0.1878038002651386
28678,0.9057,0.9051,0.9028,0.3201943248316112,0.2541155673406219
28680,0.9058,0.9051,0.9031,0.2980790461470562,0.22097005855706572
28691,0.905,0.9044,0.9026,0.26519337016575345,0.19902697921274037
28694,0.9056,0.905,0.9034,0.2429328621908105,0.17679558011050228
28695,0.9053,0.9047,0.9028,0.2761515519717162,0.21001436940421156
28699,0.9058,0.9052,0.9032,0.2870390814749444,0.22094564737074698
28703,0.9057,0.905,0.9031,0.2870707739869643,0.2099447513812169
28723,0.9056,0.9049,0.9028,0.30918727915193395,0.23206984197148753
28725,0.9063,0.9056,0.9032,0.342050093787928,0.2650176678445183
28734,0.9052,0.9046,0.9027,0.27618205921343986,0.21003758567322717
28742,0.9063,0.9056,0.9028,0.38618558976055917,0.30918727915193395
28750,0.9059,0.9053,0.9032,0.29804614195827744,0.23196730365624552
28761,0.906,0.9054,0.9037,0.25386313465784544,0.18776231499889937
29750,0.7874,0.7682,0.7062,10.312420624841243,8.070814891955212
29840,0.7888,0.7695,0.705,10.623732251521297,8.382066276803119
29856,0.7876,0.7682,0.7052,10.462163534789223,8.200989325696426
29891,0.7882,0.7688,0.7057,10.466886577010913,8.20759625390219
29892,0.7887,0.7691,0.7054,10.561683783441097,8.282408009361589
29923,0.7882,0.7688,0.7067,10.340015224562297,8.077523413111349
29938,0.788,0.7686,0.7051,10.520304568527928,8.261774655217279
29979,0.7874,0.768,0.7049,10.477520955041912,8.21614583333334
29990,0.7893,0.7699,0.7078,10.32560496642595,8.065982595142232
29997,0.7884,0.7689,0.7061,10.438863521055307,8.167512030172984
30002,0.7884,0.769,0.7047,10.616438356164384,8.361508452535764
30025,0.7886,0.769,0.7045,10.664468678671057,8.387516254876463
30054,0.7889,0.7694,0.7043,10.723792622639118,8.461138549519099
30062,0.7893,0.7698,0.706,10.55365513746358,8.287866978435968
30071,0.7876,0.768,0.7033,10.703402742508878,8.424479166666664
30076,0.7871,0.7676,0.7026,10.735611739296152,8.467952058363725
30079,0.789,0.7697,0.7058,10.54499366286439,8.301935819150327
30128,0.7887,0.7692,0.7055,10.549004691264098,8.281331253250128
30129,0.7892,0.7699,0.7056,10.593005575266092,8.35173399142746
31930,0.8672,0.8578,0.8218,5.235239852398524,4.196782466775476
31959,0.8675,0.8582,0.8225,5.187319884726229,4.15986949429037
31974,0.8667,0.8571,0.8219,5.169031960309226,4.106872010267181
32032,0.8673,0.8578,0.8227,5.142395941427416,4.091862905106088
32049,0.8681,0.8585,0.8233,5.160695772376449,4.10017472335469
32064,0.8678,0.8586,0.8242,5.024199124222168,4.006522245515955
32078,0.8677,0.8581,0.8227,5.186124236487269,4.125393310802935
32082,0.8683,0.859,0.8228,5.240124380974316,4.214202561117579
32095,0.8674,0.8579,0.822,5.2340327415264,4.1846369040680775
32098,0.8675,0.858,0.8235,5.072046109510091,4.020979020979018
32116,0.8668,0.8573,0.8233,5.0184586986617425,3.965939577744071
32124,0.8675,0.8578,0.8236,5.060518731988478,3.9869433434366996
32132,0.8671,0.8576,0.8219,5.212778226271482,4.162779850746276
32133,0.8666,0.8569,0.8223,5.11193168705285,4.0378107130353555
32138,0.8683,0.8588,0.8242,5.078889784636638,4.028877503493242
32148,0.8676,0.8582,0.8238,5.048409405255885,4.0083896527615925
32161,0.8678,0.8583,0.8235,5.104862871629408,4.054526389374338
32169,0.8673,0.8579,0.8224,5.176986048656744,4.1380114232428
32197,0.8684,0.8589,0.823,5.228005527406725,4.179764815461642
34795,0.9016,0.8984,0.887,1.6193433895297191,1.2689225289403345
34810,0.9011,0.898,0.8868,1.5869492842081876,1.2472160356347426
34838,0.9016,0.8984,0.8871,1.6082519964507496,1.2577916295636662
34842,0.9018,0.8985,0.8878,1.5524506542470629,1.1908736783528027
34869,0.9023,0.8991,0.8883,1.5515903801396445,1.2012012012012048
34901,0.9011,0.898,0.8863,1.6424370214182704,1.3028953229398712
34912,0.9014,0.8982,0.8866,1.6418903927224233,1.2914718325539907
34924,0.9023,0.8992,0.8885,1.5294248032805091,1.1899466192170867
34925,0.9012,0.8979,0.8867,1.608965823346644,1.2473549393028163
34928,0.9021,0.8991,0.8882,1.5408491298082279,1.212323434545659
34934,0.9023,0.899,0.8878,1.6070043222874828,1.2458286985539473
34947,0.9016,0.8983,0.8873,1.5860692102928107,1.2245352332183024
34958,0.9022,0.899,0.8891,1.4520062070494348,1.1012235817575105
34965,0.9019,0.8987,0.8871,1.6409801530103154,1.2907533103371596
34971,0.9019,0.8987,0.8871,1.6409801530103154,1.2907533103371596
34991,0.9021,0.8988,0.8866,1.7182130584192392,1.3573653760569635
35019,0.9017,0.8985,0.8871,1.619163801707879,1.26878130217028
35039,0.9019,0.8986,0.8879,1.5522785231178635,1.1907411529045107
35046,0.901,0.8978,0.8868,1.5760266370699212,1.22521719759412
35066,0.9019,0.8988,0.887,1.6520678567468705,1.3128615932354286
36230,0.9122,0.9118,0.9103,0.20828765621574355,0.16450976091248704
36235,0.9122,0.9116,0.91,0.24117518088138343,0.17551557700745227
36237,0.9125,0.9119,0.9097,0.3068493150684959,0.24125452352232601
36241,0.9121,0.9115,0.9098,0.2521653327485987,0.1865057597366894
36255,0.9126,0.9121,0.9098,0.30681569143106663,0.2521653327485987
36273,0.9126,0.912,0.9098,0.30681569143106663,0.24122807017543635
36274,0.9127,0.9122,0.91,0.295825572477257,0.24117518088138343
36277,0.9126,0.912,0.9101,0.2739425816348835,0.20833333333333473
36280,0.9125,0.9121,0.9105,0.21917808219178103,0.17541936191207605
36284,0.9121,0.9117,0.9104,0.1863830720315793,0.14259076450586464
36292,0.9125,0.9121,0.9104,0.23013698630136883,0.1863830720315793
36295,0.9123,0.9117,0.9105,0.19730351857941728,0.1316222441592606
36305,0.9125,0.912,0.9102,0.2520547945205445,0.1973684210526342
36321,0.9128,0.9121,0.9103,0.2738825591586269,0.1973467821510825
36342,0.9126,0.912,0.9102,0.26298487836948914,0.1973684210526342
36350,0.9122,0.9115,0.9104,0.19732514799386364,0.12068019747668568
36356,0.9122,0.9118,0.9101,0.2302126726595035,0.1864443957008154
36373,0.9124,0.9118,0.9104,0.21920210434020188,0.15354244351832286
36380,0.913,0.9123,0.9105,0.2738225629791958,0.19730351857941728
36653,0.8748,0.8657,0.8319,4.903978052126206,3.904354857340886
36673,0.8757,0.8667,0.8343,4.727646454265158,3.738317757009344
36769,0.8753,0.8663,0.8326,4.8783274305952204,3.8901073531109263
36779,0.8748,0.8657,0.8329,4.789666209419301,3.788841400023109
36784,0.8757,0.8667,0.8343,4.727646454265158,3.738317757009344
36791,0.8749,0.866,0.8323,4.869127900331463,3.891454965357962
36802,0.8752,0.8663,0.8345,4.650365630712975,3.670783793143246
36842,0.8748,0.8659,0.834,4.663923182441708,3.684028178773535
36843,0.8759,0.867,0.8339,4.795067930129014,3.8177623990772798
36864,0.8757,0.8666,0.8329,4.887518556583312,3.888760673897999
36868,0.8751,0.8662,0.8338,4.719460633070507,3.7404756407296222
36883,0.8761,0.8671,0.8336,4.851044401324048,3.863452888940142
36891,0.8752,0.866,0.8324,4.890310786106027,3.879907621247109
36895,0.8754,0.8663,0.832,4.957733607493717,3.9593674246796717
36902,0.8757,0.8667,0.8334,4.830421377183967,3.8421599169262715
36907,0.8755,0.8666,0.8335,4.7972587093089585,3.8195245788137573
36927,0.8751,0.8659,0.8345,4.639469774882867,3.6262847903914985
36942,0.8759,0.8668,0.8339,4.795067930129014,3.795569912321186
36949,0.8754,0.8663,0.8322,4.934886908841662,3.9362807341567483
36998,0.875,0.8658,0.8318,4.937142857142859,3.9270039270039305
40606,0.9088,0.9059,0.8954,1.4744718309859242,1.1590683298377376
40632,0.9086,0.9057,0.8963,1.3537310147479615,1.0378712597990467
40640,0.9086,0.9057,0.8961,1.3757429011666251,1.059953627028811
40648,0.9091,0.9064,0.8964,1.3969860301397035,1.1032656663724634
40653,0.9083,0.9056,0.895,1.4642739183089264,1.1704946996466368
40660,0.9095,0.9068,0.8963,1.451346893897745,1.1579179532421773
40680,0.9083,0.9054,0.8953,1.4312451833094806,1.1155290479346143
40683,0.9088,0.9058,0.8956,1.4524647887324054,1.1260763965555416
40709,0.909,0.9062,0.8965,1.3751375137513824,1.0704038843522448
40717,0.9087,0.9059,0.8964,1.3535820402773169,1.0486808698531918
40725,0.9088,0.9058,0.8953,1.4854753521126836,1.1591962905718773
40727,0.9084,0.9055,0.8958,1.3870541611624774,1.0712313638873474
40729,0.909,0.9059,0.8965,1.3751375137513824,1.0376421238547384
40738,0.9086,0.9056,0.8952,1.4747963900506238,1.148409893992929
40742,0.9086,0.9056,0.8956,1.4307726172132966,1.1042402826855136
40744,0.9085,0.9057,0.8963,1.3428728673637853,1.0378712597990467
40745,0.9091,0.9063,0.8956,1.4849851501485059,1.1806245172680176
40750,0.9087,0.9057,0.8954,1.4636293606250663,1.1372419123329995
40761,0.9081,0.905,0.8952,1.4205483977535538,1.082872928176799
42492,0.9189,0.9184,0.9171,0.1958863858961828,0.14155052264808013
42560,0.9189,0.9184,0.9171,0.1958863858961828,0.14155052264808013
42570,0.9196,0.9191,0.9176,0.21748586341887796,0.16320313350016938
42600,0.9189,0.9184,0.9168,0.22853411687888797,0.17421602787456944
42628,0.9187,0.9183,0.9168,0.20681397627081888,0.16334531198955207
42633,0.9197,0.9192,0.9176,0.22833532673697843,0.17406440382942187
42636,0.9199,0.9195,0.9178,0.2282856832264487,0.1848830886351316
42644,0.9188,0.9183,0.9166,0.23944275141488677,0.18512468692148915
42655,0.9189,0.9184,0.9167,0.239416693873119,0.18510452961672852
42664,0.9192,0.9187,0.917,0.239338555265446,0.18504408403177575
42671,0.9194,0.9189,0.9173,0.22840983249945518,0.17412123190772072
42675,0.9193,0.9188,0.9173,0.21755683672359422,0.1632564214192366
42685,0.9195,0.919,0.9177,0.19575856443719672,0.1414581066376582
42686,0.9191,0.9187,0.9174,0.18496355130018874,0.1415042995537137
42688,0.9191,0.9186,0.9171,0.2176041780002178,0.16329196603526516
42718,0.9188,0.9184,0.917,0.1959077057030815,0.1524390243902392
42724,0.9187,0.9183,0.9171,0.17415913791226026,0.13067624959163443
42726,0.9192,0.9187,0.9173,0.20670147954743395,0.15238924567322923
